"Group","","#","Mnemonic","Flag Set","O1","O2","O3","O4","","opcode_name","","t_O1","","t_O2","","t_O3","","t_O4","","FT","FO","swz","c_F","s_O1","s_O2","s_O3","s_O4","Chk","enc","","","","","","","","","","","","","","","","","",""
"Special/Debug","","0","NOP","","","","","","Do nothing, fast!","NOP","1","","0","","0","","0","","0","","","1234","0","0","0","0","0","0","NONE","","","","","","","","","","","","","","","","","",""
"","","1","HALT","","","","","","Halt","HALT","1","","0","","0","","0","","0","","","1234","0","0","0","0","0","0","NONE","","","","","","","","","","","","","","","","","",""
"","","2","BRK","","","","","","Breakpoint","BRK","1","","0","","0","","0","","0","","","1234","0","0","0","0","0","0","NONE","","","","","","","","","","","","","","","","","",""
"","","3","SVC","","r_dst","idx","n_args","","Supervisor call
Only allowed when in ""privileged mode""","SVC","1","Reg","6","U12","12","U6","6","","0","","","132","0","6","6","12","","24","B6_B6_B12","","","","","","","","","","","","","","","","","",""
"","","4","DUMP","","spec","","","","Dump debug output
`spec` encodes what is to be output; assembler
includes builtin functions for generating spec field.","DUMP","1","U24","24","","0","","0","","0","","","1234","0","24","0","0","0","24","B24","","","","","","","","","","","","","","","","","",""
"","","5","PRINT","","idx","r1","r2","","Print the given entry from the debug string table. R1, R2 are optional values for inclusion via format strings. If unused, assembler sets them to 0x3F.","PRINT","1","U12","12","Reg","6","Reg","6","","0","","","231","0","6","6","12","","24","B6_B6_B12","","","","","","","","","","","","","","","","","",""
"MOV reg/reg","","6","MOV","NULL2","r_dst","r_src","","","Reg[Rd] = Reg[Rs]","MOV","1","Reg","6","Reg","6","","0","","0","","","1234","2","6","6","0","0","14","F2_B6_B6","","","","","","","","","","","","","","","","","",""
"","","7","MOV","NULL2","r_dst","r_src","r_off","","Reg[Rd] = Reg[Rs + Reg[Ro]]","MOV_DO","1","Reg","6","Reg","6","Reg","6","","0","","","1234","2","6","6","6","0","20","F2_B6_B6_B6","","","","","","","","","","","","","","","","","",""
"","","8","MOV","","r_dst","imm","","","Reg[Rd] = Imm (with sign extension)","MOV_I","1","Reg","6","S18","18","","0","","0","","","1234","0","6","18","0","0","24","B6_B18","","","","","","","","","","","","","","","","","",""
"","","9","MOVA","","r_dst","imm","","","Reg[Rd] = Imm
Intended for loading a literal address in to a register","MOVA","1","Reg","6","U18","18","","0","","0","Abs","2","1234","0","6","18","0","0","24","B6_B18","","","","","","","","","","","","","","","","","",""
"","","10","MOVL","","r_dst","imm","","","LO(Reg[Rd]) = Imm","MOVL","1","Reg","6","U16","16","","0","","0","","","1234","0","6","16","0","0","22","B6_B16","","","","","","","","","","","","","","","","","",""
"","","11","MOVH","","r_dst","imm","","","HI(Reg[Rd]) = Imm","MOVH","1","Reg","6","U16","16","","0","","0","","","1234","0","6","16","0","0","22","B6_B16","","","","","","","","","","","","","","","","","",""
"","","12","SWP","NULL2","r1","r2","","","Swap Reg[R1] and Reg[R2]","SWP_REG","1","Reg","6","Reg","6","","0","","0","","","1234","2","6","6","0","0","14","F2_B6_B6","","","","","","","","","","","","","","","","","",""
"Maths","","13","ADD","NULL2","r_dst","r1","r2","","Reg[Rd] = Reg[R1] + Reg[R2]","ADD","1","Reg","6","Reg","6","Reg","6","","0","","","1234","2","6","6","6","0","20","F2_B6_B6_B6","","","","","","","","","","","","","","","","","",""
"","","14","SUB","NULL2","r_dst","r1","r2","","Reg[Rd] = Reg[R1] - Reg[R2]","SUB","1","Reg","6","Reg","6","Reg","6","","0","","","1234","2","6","6","6","0","20","F2_B6_B6_B6","","","","","","","","","","","","","","","","","",""
"","","15","MUL","NULL2","r_dst","r1","r2","","Reg[Rd] = Reg[R1] * Reg[R2]","MUL","1","Reg","6","Reg","6","Reg","6","","0","","","1234","2","6","6","6","0","20","F2_B6_B6_B6","","","","","","","","","","","","","","","","","",""
"","","16","DIV","NULL2","r_dst","r1","r2","","Reg[Rd] = Reg[R1] / Reg[R2]","DIV","1","Reg","6","Reg","6","Reg","6","","0","","","1234","2","6","6","6","0","20","F2_B6_B6_B6","","","","","","","","","","","","","","","","","",""
"","","17","MOD","NULL2","r_dst","r1","r2","","Reg[Rd] = Reg[R1] % Reg[R2]","MOD","1","Reg","6","Reg","6","Reg","6","","0","","","1234","2","6","6","6","0","20","F2_B6_B6_B6","","","","","","","","","","","","","","","","","",""
"","","18","DIVMOD","","r_dst_div","r_dst_mod","r1","r2","Reg[Rd1] = Reg[R1] / Reg[R2], Reg[Rd2] = Reg[R1] % Reg[R2]","DIVMOD","1","Reg","6","Reg","6","Reg","6","Reg","6","","","1234","0","6","6","6","6","24","B6_B6_B6_B6","","","","","","","","","","","","","","","","","",""
"","","19","MIN","NULL2","r_dst","r1","r2","","Reg[Rd] = MIN(Reg[R1], Reg[R2])","MIN","1","Reg","6","Reg","6","Reg","6","","0","","","1234","2","6","6","6","0","20","F2_B6_B6_B6","","","","","","","","","","","","","","","","","",""
"","","20","MAX","NULL2","r_dst","r1","r2","","Reg[Rd] = MAX(Reg[R1], Reg[R2])","MAX","1","Reg","6","Reg","6","Reg","6","","0","","","1234","2","6","6","6","0","20","F2_B6_B6_B6","","","","","","","","","","","","","","","","","",""
"","","21","MULU","NULL2","r_dst","r1","r2","","Reg[Rd] = Reg[R1] * Reg[R2] (unsigned)","MULU","1","Reg","6","Reg","6","Reg","6","","0","","","1234","2","6","6","6","0","20","F2_B6_B6_B6","","","","","","","","","","","","","","","","","",""
"","","22","DIVU","NULL2","r_dst","r1","r2","","Reg[Rd] = Reg[R1] / Reg[R2] (unsigned)","DIVU","1","Reg","6","Reg","6","Reg","6","","0","","","1234","2","6","6","6","0","20","F2_B6_B6_B6","","","","","","","","","","","","","","","","","",""
"","","23","MODU","NULL2","r_dst","r1","r2","","Reg[Rd] = Reg[R1] % Reg[R2] (unsigned)","MODU","1","Reg","6","Reg","6","Reg","6","","0","","","1234","2","6","6","6","0","20","F2_B6_B6_B6","","","","","","","","","","","","","","","","","",""
"","","24","DIVMODU","","r_dst_div","r_dst_mod","r1","r2","Reg[Rd1] = Reg[R1] / Reg[R2], Reg[Rd2] = Reg[R1] % Reg[R2] (unsigned)","DIVMODU","1","Reg","6","Reg","6","Reg","6","Reg","6","","","1234","0","6","6","6","6","24","B6_B6_B6_B6","","","","","","","","","","","","","","","","","",""
"","","25","MINU","NULL2","r_dst","r1","r2","","Reg[Rd] = MIN(Reg[R1], Reg[R2]) (unsigned)","MINU","1","Reg","6","Reg","6","Reg","6","","0","","","1234","2","6","6","6","0","20","F2_B6_B6_B6","","","","","","","","","","","","","","","","","",""
"","","26","MAXU","NULL2","r_dst","r1","r2","","Reg[Rd] = MAX(Reg[R1], Reg[R2]) (unsigned)","MAXU","1","Reg","6","Reg","6","Reg","6","","0","","","1234","2","6","6","6","0","20","F2_B6_B6_B6","","","","","","","","","","","","","","","","","",""
"","","27","ABS","NULL2","r_dst","r1","","","Reg[Rd] = ABS(Reg[R1])","ABS","1","Reg","6","Reg","6","","0","","0","","","1234","2","6","6","0","0","14","F2_B6_B6","","","","","","","","","","","","","","","","","",""
"","","28","NEG","NULL2","r_dst","r1","","","Reg[Rd] = -Reg[R1]","NEG","1","Reg","6","Reg","6","","0","","0","","","1234","2","6","6","0","0","14","F2_B6_B6","","","","","","","","","","","","","","","","","",""
"","","29","SIGN","NULL2","r_dst","r1","","","Reg[Rd] = SIGN(Reg[R1])","SIGN","1","Reg","6","Reg","6","","0","","0","","","1234","2","6","6","0","0","14","F2_B6_B6","","","","","","","","","","","","","","","","","",""
"","","30","ADD","","r_dst","r1","imm","","Reg[Rd] = Reg[R1] + Imm","ADD_I","1","Reg","6","Reg","6","S12","12","","0","","","1234","0","6","6","12","0","24","B6_B6_B12","","","","","","","","","","","","","","","","","",""
"","","31","SUB","","r_dst","r1","imm","","Reg[Rd] = Reg[R1] - Imm","SUB_I","1","Reg","6","Reg","6","S12","12","","0","","","1234","0","6","6","12","0","24","B6_B6_B12","","","","","","","","","","","","","","","","","",""
"","","32","MUL","","r_dst","r1","imm","","Reg[Rd] = Reg[R1] * Imm","MUL_I","1","Reg","6","Reg","6","S12","12","","0","","","1234","0","6","6","12","0","24","B6_B6_B12","","","","","","","","","","","","","","","","","",""
"","","33","DIV","","r_dst","r1","imm","","Reg[Rd] = Reg[R1] / Imm","DIV_I","1","Reg","6","Reg","6","S12","12","","0","","","1234","0","6","6","12","0","24","B6_B6_B12","","","","","","","","","","","","","","","","","",""
"","","34","MOD","","r_dst","r1","imm","","Reg[Rd] = Reg[R1] % Imm","MOD_I","1","Reg","6","Reg","6","S12","12","","0","","","1234","0","6","6","12","0","24","B6_B6_B12","","","","","","","","","","","","","","","","","",""
"","","35","MIN","","r_dst","r1","imm","","Reg[Rd] = MIN(Reg[R1], Imm)","MIN_I","1","Reg","6","Reg","6","S12","12","","0","","","1234","0","6","6","12","0","24","B6_B6_B12","","","","","","","","","","","","","","","","","",""
"","","36","MAX","","r_dst","r1","imm","","Reg[Rd] = MAX(Reg[R1], Imm)","MAX_I","1","Reg","6","Reg","6","S12","12","","0","","","1234","0","6","6","12","0","24","B6_B6_B12","","","","","","","","","","","","","","","","","",""
"","","37","MULU","","r_dst","r1","imm","","Reg[Rd] = Reg[R1] * Imm (unsigned)","MULU_I","1","Reg","6","Reg","6","U12","12","","0","","","1234","0","6","6","12","0","24","B6_B6_B12","","","","","","","","","","","","","","","","","",""
"","","38","DIVU","","r_dst","r1","imm","","Reg[Rd] = Reg[R1] / Imm (unsigned)","DIVU_I","1","Reg","6","Reg","6","U12","12","","0","","","1234","0","6","6","12","0","24","B6_B6_B12","","","","","","","","","","","","","","","","","",""
"","","39","MODU","","r_dst","r1","imm","","Reg[Rd] = Reg[R1] % Imm (unsigned)","MODU_I","1","Reg","6","Reg","6","U12","12","","0","","","1234","0","6","6","12","0","24","B6_B6_B12","","","","","","","","","","","","","","","","","",""
"","","40","MAC","NULL2","r_dst","r_val","r_scale","","Reg[Rd] += Reg[Rv] * Reg[Rs]","MAC","1","Reg","6","Reg","6","Reg","6","","0","","","1234","2","6","6","6","0","20","F2_B6_B6_B6","","","","","","","","","","","","","","","","","",""
"","","41","MAC","","r_dst","r_val","imm_scale","","Reg[Rd] += Reg[Rv] * Imm","MAC_I","1","Reg","6","Reg","6","S12","12","","0","","","1234","0","6","6","12","0","24","B6_B6_B12","","","","","","","","","","","","","","","","","",""
"Bitwise","","42","AND","NULL2","r_dst","r1","r2","","Reg[Rd] = Reg[R1] & Reg[R2]","AND","1","Reg","6","Reg","6","Reg","6","","0","","","1234","2","6","6","6","0","20","F2_B6_B6_B6","","","","","","","","","","","","","","","","","",""
"","","43","OR","NULL2","r_dst","r1","r2","","Reg[Rd] = Reg[R1] | Reg[R2]","OR","1","Reg","6","Reg","6","Reg","6","","0","","","1234","2","6","6","6","0","20","F2_B6_B6_B6","","","","","","","","","","","","","","","","","",""
"","","44","XOR","NULL2","r_dst","r1","r2","","Reg[Rd] = Reg[R1] ^ Reg[R2]","XOR","1","Reg","6","Reg","6","Reg","6","","0","","","1234","2","6","6","6","0","20","F2_B6_B6_B6","","","","","","","","","","","","","","","","","",""
"","","45","NOT","NULL2","r_dst","r1","","","Reg[Rd] = ~Reg[R1]","NOT","1","Reg","6","Reg","6","","0","","0","","","1234","2","6","6","0","0","14","F2_B6_B6","","","","","","","","","","","","","","","","","",""
"","","46","SHL","NULL2","r_dst","r1","r2","","Reg[Rd] = Reg[R1] << Reg[R2]","SHL","1","Reg","6","Reg","6","Reg","6","","0","","","1234","2","6","6","6","0","20","F2_B6_B6_B6","","","","","","","","","","","","","","","","","",""
"","","47","SHR","NULL2","r_dst","r1","r2","","Reg[Rd] = Reg[R1] >> Reg[R2]","SHR","1","Reg","6","Reg","6","Reg","6","","0","","","1234","2","6","6","6","0","20","F2_B6_B6_B6","","","","","","","","","","","","","","","","","",""
"","","48","SAR","NULL2","r_dst","r1","r2","","Reg[Rd] = Reg[R1] >>> Reg[R2]","SAR","1","Reg","6","Reg","6","Reg","6","","0","","","1234","2","6","6","6","0","20","F2_B6_B6_B6","","","","","","","","","","","","","","","","","",""
"","","49","BSET","NULL2","r_dst","r1","r2","","Reg[Rd] = Reg[R1] | (1 << Reg[R2])","BSET","1","Reg","6","Reg","6","Reg","6","","0","","","1234","2","6","6","6","0","20","F2_B6_B6_B6","","","","","","","","","","","","","","","","","",""
"","","50","BCLR","NULL2","r_dst","r1","r2","","Reg[Rd] = Reg[R1] & ~(1 << Reg[R2])","BCLR","1","Reg","6","Reg","6","Reg","6","","0","","","1234","2","6","6","6","0","20","F2_B6_B6_B6","","","","","","","","","","","","","","","","","",""
"","","51","BTOG","NULL2","r_dst","r1","r2","","Reg[Rd] = Reg[R1] ^ (1 << Reg[R2])","BTOG","1","Reg","6","Reg","6","Reg","6","","0","","","1234","2","6","6","6","0","20","F2_B6_B6_B6","","","","","","","","","","","","","","","","","",""
"","","52","BTST","NULL2","r_dst","r1","r2","","Reg[Rd] = (Reg[R1] & (1 << Reg[R2]) ? 1 : 0","BTST","1","Reg","6","Reg","6","Reg","6","","0","","","1234","2","6","6","6","0","20","F2_B6_B6_B6","","","","","","","","","","","","","","","","","",""
"","","53","AND","","r_dst","r1","imm","","Reg[Rd] = Reg[R1] & Imm","AND_I","1","Reg","6","Reg","6","B12","12","","0","","","1234","0","6","6","12","0","24","B6_B6_B12","","","","","","","","","","","","","","","","","",""
"","","54","OR","","r_dst","r1","imm","","Reg[Rd] = Reg[R1] | Imm","OR_I","1","Reg","6","Reg","6","B12","12","","0","","","1234","0","6","6","12","0","24","B6_B6_B12","","","","","","","","","","","","","","","","","",""
"","","55","XOR","","r_dst","r1","imm","","Reg[Rd] = Reg[R1] ^ Imm","XOR_I","1","Reg","6","Reg","6","B12","12","","0","","","1234","0","6","6","12","0","24","B6_B6_B12","","","","","","","","","","","","","","","","","",""
"","","56","SHL","","r_dst","r1","imm","","Reg[Rd] = Reg[R1] << Imm","SHL_I","1","Reg","6","Reg","6","U12","12","","0","","","1234","0","6","6","12","0","24","B6_B6_B12","","","","","","","","","","","","","","","","","",""
"","","57","SHR","","r_dst","r1","imm","","Reg[Rd] = Reg[R1] >> Imm","SHR_I","1","Reg","6","Reg","6","U12","12","","0","","","1234","0","6","6","12","0","24","B6_B6_B12","","","","","","","","","","","","","","","","","",""
"","","58","SAR","","r_dst","r1","imm","","Reg[Rd] = Reg[R1] >>> Imm","SAR_I","1","Reg","6","Reg","6","U12","12","","0","","","1234","0","6","6","12","0","24","B6_B6_B12","","","","","","","","","","","","","","","","","",""
"","","59","BSET","","r_dst","r1","imm","","Reg[Rd] = Reg[R1] | (1 << Imm)","BSET_I","1","Reg","6","Reg","6","U12","12","","0","","","1234","0","6","6","12","0","24","B6_B6_B12","","","","","","","","","","","","","","","","","",""
"","","60","BCLR","","r_dst","r1","imm","","Reg[Rd] = Reg[R1] & ~(1 << Imm)","BCLR_I","1","Reg","6","Reg","6","U12","12","","0","","","1234","0","6","6","12","0","24","B6_B6_B12","","","","","","","","","","","","","","","","","",""
"","","61","BTOG","","r_dst","r1","imm","","Reg[Rd] = Reg[R1] ^ (1 << Imm)","BTOG_I","1","Reg","6","Reg","6","U12","12","","0","","","1234","0","6","6","12","0","24","B6_B6_B12","","","","","","","","","","","","","","","","","",""
"","","62","BTST","","r_dst","r1","imm","","Reg[Rd] = (Reg[R1] & (1 << Imm) ? 1 : 0","BTST_I","1","Reg","6","Reg","6","U12","12","","0","","","1234","0","6","6","12","0","24","B6_B6_B12","","","","","","","","","","","","","","","","","",""
"Jumps","","63","JMP","","imm","","","","PC += Imm","JMP","1","S24","24","","0","","0","","0","Rel","1","1234","0","24","0","0","0","24","B24","","","","","","","","","","","","","","","","","",""
"","","64","JMPA","","imm","","","","PC = Imm","JMPA_I","1","U24","24","","0","","0","","0","Abs","1","1234","0","24","0","0","0","24","B24","","","","","","","","","","","","","","","","","",""
"","","65","JMPA","","r_dst","","","","PC = Reg[Rd]","JMPA","1","Reg","6","","0","","0","","0","","","1234","0","6","0","0","0","6","B6","","","","","","","","","","","","","","","","","",""
"","","66","JZ","REL_JMP","r_cmp","imm","","","IF Reg[Rc] == 0 THEN PC += Imm","JZ","1","Reg","6","S16","16","","0","","0","Rel","2","1234","2","6","16","0","0","24","F2_B6_B16","","","","","","","","","","","","","","","","","",""
"","","67","JNZ","REL_JMP","r_cmp","imm","","","IF Reg[Rc] != 0 THEN PC += Imm","JNZ","1","Reg","6","S16","16","","0","","0","Rel","2","1234","2","6","16","0","0","24","F2_B6_B16","","","","","","","","","","","","","","","","","",""
"","","68","JLTZ","REL_JMP","r_cmp","imm","","","IF Reg[Rc] < 0 THEN PC += Imm","JLTZ","1","Reg","6","S16","16","","0","","0","Rel","2","1234","2","6","16","0","0","24","F2_B6_B16","","","","","","","","","","","","","","","","","",""
"","","69","JLEZ","REL_JMP","r_cmp","imm","","","IF Reg[Rc] <= 0 THEN PC += Imm","JLEZ","1","Reg","6","S16","16","","0","","0","Rel","2","1234","2","6","16","0","0","24","F2_B6_B16","","","","","","","","","","","","","","","","","",""
"","","70","JGTZ","REL_JMP","r_cmp","imm","","","IF Reg[Rc] > 0 THEN PC += Imm","JGTZ","1","Reg","6","S16","16","","0","","0","Rel","2","1234","2","6","16","0","0","24","F2_B6_B16","","","","","","","","","","","","","","","","","",""
"","","71","JGEZ","REL_JMP","r_cmp","imm","","","IF Reg[Rc] >= 0 THEN PC += Imm","JGEZ","1","Reg","6","S16","16","","0","","0","Rel","2","1234","2","6","16","0","0","24","F2_B6_B16","","","","","","","","","","","","","","","","","",""
"","","72","JEQ","","r1","r2","imm","","IF Reg[R1] == Reg[R2] THEN PC += Imm","JEQ","1","Reg","6","Reg","6","S12","12","","0","Rel","3","1234","0","6","6","12","0","24","B6_B6_B12","","","","","","","","","","","","","","","","","",""
"","","73","JNE","","r1","r2","imm","","IF Reg[R1] != Reg[R2] THEN PC += Imm","JNE","1","Reg","6","Reg","6","S12","12","","0","Rel","3","1234","0","6","6","12","0","24","B6_B6_B12","","","","","","","","","","","","","","","","","",""
"","","74","JLT","","r1","r2","imm","","IF Reg[R1] < Reg[R2] THEN PC += Imm","JLT","1","Reg","6","Reg","6","S12","12","","0","Rel","3","1234","0","6","6","12","0","24","B6_B6_B12","","","","","","","","","","","","","","","","","",""
"","","75","JLE","","r1","r2","imm","","IF Reg[R1] <= Reg[R2] THEN PC += Imm","JLE","1","Reg","6","Reg","6","S12","12","","0","Rel","3","1234","0","6","6","12","0","24","B6_B6_B12","","","","","","","","","","","","","","","","","",""
"","","76","JEQ","","r_cmp","imm_cmp","imm_jmp","","IF Reg[Rc] == Cmp THEN PC += Imm","JEQ_I","1","Reg","6","S9","9","S9","9","","0","Rel","3","1234","0","6","9","9","0","24","B6_B9_B9","","","","","","","","","","","","","","","","","",""
"","","77","JNE","","r_cmp","imm_cmp","imm_jmp","","IF Reg[Rc] != Cmp THEN PC += Imm","JNE_I","1","Reg","6","S9","9","S9","9","","0","Rel","3","1234","0","6","9","9","0","24","B6_B9_B9","","","","","","","","","","","","","","","","","",""
"","","78","JLT","","r_cmp","imm_cmp","imm_jmp","","IF Reg[Rc] < Cmp THEN PC += Imm","JLT_I","1","Reg","6","S9","9","S9","9","","0","Rel","3","1234","0","6","9","9","0","24","B6_B9_B9","","","","","","","","","","","","","","","","","",""
"","","79","JLE","","r_cmp","imm_cmp","imm_jmp","","IF Reg[Rc] <= Cmp THEN PC += Imm","JLE_I","1","Reg","6","S9","9","S9","9","","0","Rel","3","1234","0","6","9","9","0","24","B6_B9_B9","","","","","","","","","","","","","","","","","",""
"","","80","JGT","","r_cmp","imm_cmp","imm_jmp","","IF Reg[Rc] > Cmp THEN PC += Imm","JGT_I","1","Reg","6","S9","9","S9","9","","0","Rel","3","1234","0","6","9","9","0","24","B6_B9_B9","","","","","","","","","","","","","","","","","",""
"","","81","JGE","","r_cmp","imm_cmp","imm_jmp","","IF Reg[Rc] >= Cmp THEN PC += Imm","JGE_I","1","Reg","6","S9","9","S9","9","","0","Rel","3","1234","0","6","9","9","0","24","B6_B9_B9","","","","","","","","","","","","","","","","","",""
"","","82","JLTU","","r1","r2","imm_jmp","","IF Reg[R1] < Reg[R2] THEN PC += Imm (unsigned)","JLTU","1","Reg","6","Reg","6","S12","12","","0","Rel","3","1234","0","6","6","12","0","24","B6_B6_B12","","","","","","","","","","","","","","","","","",""
"","","83","JLEU","","r1","r2","imm_jmp","","IF Reg[R1] <= Reg[R2] THEN PC += Imm (unsigned)","JLEU","1","Reg","6","Reg","6","S12","12","","0","Rel","3","1234","0","6","6","12","0","24","B6_B6_B12","","","","","","","","","","","","","","","","","",""
"IO","","84","OUT","","port","imm","","","IO[P] = imm
Set mask to 0xFFFFFFFF","OUT_I","1","U8","8","U16","16","","0","","0","","","1234","0","8","16","0","0","24","B8_B16","","","","","","","","","","","","","","","","","",""
"","","85","OUT","","port","r_src","","","IO[P] = Reg[r_src]
Set mask to 0xFFFFFFFF","OUT","1","U8","8","Reg","6","","0","","0","","","1234","0","8","6","0","0","14","B8_B6","","","","","","","","","","","","","","","","","",""
"","","86","OUT","","port","r_src","imm_shift","imm_width","IO[P] = (Reg[r_src] << imm_shift)
Set mask to ((1 << imm_width) - 1) << imm_shift","OUT_SH","1","U8","8","Reg","6","U5","5","U5","5","","","1234","0","8","6","5","5","24","B8_B6_B5_B5","","","","","","","","","","","","","","","","","",""
"","","87","OUT","","port","r_src","r_mask","","IO[P] = Reg[Rv]
Set mask to Reg[r_mask]","OUT_MSK","1","U8","8","Reg","6","Reg","6","","0","","","1234","0","8","6","6","0","20","B8_B6_B6","","","","","","","","","","","","","","","","","",""
"","","88","IN","","r_dst","port","","","Reg[Rd] = IO[P]","IN","1","Reg","6","U8","8","","0","","0","","","21","0","8","6","","","14","B8_B6","","","","","","","","","","","","","","","","","",""
"Load/Store","","89","LOADB","","r_dst","addr","","","Reg[Rd] = Mem[Imm] (8 bit load)","LOADB_I","1","Reg","6","U18","18","","0","","0","Abs","2","1234","0","6","18","0","0","24","B6_B18","","","","","","","","","","","","","","","","","",""
"","","90","LOADH","","r_dst","addr","","","Reg[Rd] = Mem[Imm] (16 bit load)","LOADH_I","1","Reg","6","U18","18","","0","","0","Abs","2","1234","0","6","18","0","0","24","B6_B18","","","","","","","","","","","","","","","","","",""
"","","91","LOADW","","r_dst","addr","","","Reg[Rd] = Mem[Imm] (32 bit load)","LOADW_I","1","Reg","6","U18","18","","0","","0","Abs","2","1234","0","6","18","0","0","24","B6_B18","","","","","","","","","","","","","","","","","",""
"","","92","LOADB","STORE_LOAD","r_dst","r_src_addr","","","Reg[Rd] = Mem[Reg[Rs]] (8 bit load)
If I, Reg[Rs] += 1
If X, sign-extend Reg[Rd]","LOADB","1","Reg","6","Reg","6","","0","","0","","","1234","2","6","6","0","0","14","F2_B6_B6","","","","","","","","","","","","","","","","","",""
"","","93","LOADH","STORE_LOAD","r_dst","r_src_addr","","","Reg[Rd] = Mem[Reg[Rs]] (16 bit load)
If I, Reg[Rs] += 2
If X, sign-extend Reg[Rd]","LOADH","1","Reg","6","Reg","6","","0","","0","","","1234","2","6","6","0","0","14","F2_B6_B6","","","","","","","","","","","","","","","","","",""
"","","94","LOADW","STORE_LOAD","r_dst","r_src_addr","","","Reg[Rd] = Mem[Reg[Rs]] (32 bit load)
If I, Reg[Rs] += 4
If X, sign-extend Reg[Rd]","LOADW","1","Reg","6","Reg","6","","0","","0","","","1234","2","6","6","0","0","14","F2_B6_B6","","","","","","","","","","","","","","","","","",""
"","","95","STOREB","","addr","r_src","","","Mem[Imm] = Reg[Rs] (8 bit store)","STOREB_I","1","U18","18","Reg","6","","0","","0","Abs","1","21","0","6","18","","","24","B6_B18","","","","","","","","","","","","","","","","","",""
"","","96","STOREH","","addr","r_src","","","Mem[Imm] = Reg[Rs] (16 bit store)","STOREH_I","1","U18","18","Reg","6","","0","","0","Abs","1","21","0","6","18","","","24","B6_B18","","","","","","","","","","","","","","","","","",""
"","","97","STOREW","","addr","r_src","","","Mem[Imm] = Reg[Rs] (32 bit store)","STOREW_I","1","U18","18","Reg","6","","0","","0","Abs","1","21","0","6","18","","","24","B6_B18","","","","","","","","","","","","","","","","","",""
"","","98","STOREB","STORE_LOAD","r_dst_addr","r_src","","","Mem[Reg[Rd]] = Reg[Rs] (8 bit store)
If I, Reg[Rd] += 1","STOREB","1","Reg","6","Reg","6","","0","","0","","","1234","2","6","6","0","0","14","F2_B6_B6","","","","","","","","","","","","","","","","","",""
"","","99","STOREH","STORE_LOAD","r_dst_addr","r_src","","","Mem[Reg[Rd]] = Reg[Rs] (16 bit store)
If I, Reg[Rd] += 1","STOREH","1","Reg","6","Reg","6","","0","","0","","","1234","2","6","6","0","0","14","F2_B6_B6","","","","","","","","","","","","","","","","","",""
"","","100","STOREW","STORE_LOAD","r_dst_addr","r_src","","","Mem[Reg[Rd]] = Reg[Rs] (32 bit store)
If I, Reg[Rd] += 1","STOREW","1","Reg","6","Reg","6","","0","","0","","","1234","2","6","6","0","0","14","F2_B6_B6","","","","","","","","","","","","","","","","","",""
"","","101","LOADXB","STORE_LOAD","r_dst","r_src_addr","r_off","","Reg[Rd] = Mem[Reg[Rsrc] & 0x3FFFF + Reg[Roff]]
IF I THEN increment low 18 bits of Reg[Rsrc] by upper 14 bits
IF X THEN sign-extend Reg[Rd]
(8 bit load)","LOADXB","1","Reg","6","Reg","6","Reg","6","","0","","","1234","2","6","6","6","0","20","F2_B6_B6_B6","","","","","","","","","","","","","","","","","",""
"","","102","LOADXH","STORE_LOAD","r_dst","r_src_addr","r_off","","Reg[Rd] = Mem[Reg[Rsrc] & 0x3FFFF + Reg[Roff]]
IF I THEN increment low 18 bits of Reg[Rsrc] by upper 14 bits
IF X THEN sign-extend Reg[Rd]
(16 bit load)","LOADXH","1","Reg","6","Reg","6","Reg","6","","0","","","1234","2","6","6","6","0","20","F2_B6_B6_B6","","","","","","","","","","","","","","","","","",""
"","","103","LOADXW","STORE_LOAD","r_dst","r_src_addr","r_off","","Reg[Rd] = Mem[Reg[Rsrc] & 0x3FFFF + Reg[Roff]]
IF I THEN increment low 18 bits of Reg[Rsrc] by upper 14 bits
IF X THEN sign-extend Reg[Rd]
(32 bit load)","LOADXW","1","Reg","6","Reg","6","Reg","6","","0","","","1234","2","6","6","6","0","20","F2_B6_B6_B6","","","","","","","","","","","","","","","","","",""
"","","104","LOADXB","STORE_LOAD","r_dst","r_src_addr","imm_off","","Reg[Rd] = Mem[Reg[Rsrc] & 0x3FFFF + Off]
IF I THEN increment low 18 bits of Reg[Rsrc] by upper 14 bits
IF X THEN sign-extend Reg[Rd]
(8 bit load)","LOADXB_IO","1","Reg","6","Reg","6","U10","10","","0","","","1234","2","6","6","10","0","24","F2_B6_B6_B10","","","","","","","","","","","","","","","","","",""
"","","105","LOADXH","STORE_LOAD","r_dst","r_src_addr","imm_off","","Reg[Rd] = Mem[Reg[Rsrc] & 0x3FFFF + Off]
IF I THEN increment low 18 bits of Reg[Rsrc] by upper 14 bits
IF X THEN sign-extend Reg[Rd]
(16 bit load)","LOADXH_IO","1","Reg","6","Reg","6","U10","10","","0","","","1234","2","6","6","10","0","24","F2_B6_B6_B10","","","","","","","","","","","","","","","","","",""
"","","106","LOADXW","STORE_LOAD","r_dst","r_src_addr","imm_off","","Reg[Rd] = Mem[Reg[Rsrc] & 0x3FFFF + Off]
IF I THEN increment low 18 bits of Reg[Rsrc] by upper 14 bits
IF X THEN sign-extend Reg[Rd]
(32 bit load)","LOADXW_IO","1","Reg","6","Reg","6","U10","10","","0","","","1234","2","6","6","10","0","24","F2_B6_B6_B10","","","","","","","","","","","","","","","","","",""
"","","107","STOREXB","STORE_LOAD","r_dst_addr","r_off","r_src","","Mem[(Reg[Rd] & 0x3FFFF) + Reg[Roff]] = Reg[Rv]
IF I THEN increment low 18 bits of Reg[Rd] by upper 14 bits
(8 bit store)","STOREXB","1","Reg","6","Reg","6","Reg","6","","0","","","1234","2","6","6","6","0","20","F2_B6_B6_B6","","","","","","","","","","","","","","","","","",""
"","","108","STOREXH","STORE_LOAD","r_dst_addr","r_off","r_src","","Mem[(Reg[Rd] & 0x3FFFF) + Reg[Roff]] = Reg[Rv]
IF I THEN increment low 18 bits of Reg[Rd] by upper 14 bits
(16 bit store)","STOREXH","1","Reg","6","Reg","6","Reg","6","","0","","","1234","2","6","6","6","0","20","F2_B6_B6_B6","","","","","","","","","","","","","","","","","",""
"","","109","STOREXW","STORE_LOAD","r_dst_addr","r_off","r_src","","Mem[(Reg[Rd] & 0x3FFFF) + Reg[Roff]] = Reg[Rv]
IF I THEN increment low 18 bits of Reg[Rd] by upper 14 bits
(32 bit store)","STOREXW","1","Reg","6","Reg","6","Reg","6","","0","","","1234","2","6","6","6","0","20","F2_B6_B6_B6","","","","","","","","","","","","","","","","","",""
"","","110","STOREXB","STORE_LOAD","r_dst_addr","imm_off","r_src","","Mem[(Reg[Rd] & 0x3FFFF) + Off] = Reg[Rv]
IF I THEN increment low 18 bits of Reg[Rd] by upper 14 bits
(8 bit store)","STOREXB_IO","1","Reg","6","U10","10","Reg","6","","0","","","132","2","6","6","10","","24","F2_B6_B6_B10","","","","","","","","","","","","","","","","","",""
"","","111","STOREXH","STORE_LOAD","r_dst_addr","imm_off","r_src","","Mem[(Reg[Rd] & 0x3FFFF) + Off] = Reg[Rv]
IF I THEN increment low 18 bits of Reg[Rd] by upper 14 bits
(16 bit store)","STOREXH_IO","1","Reg","6","U10","10","Reg","6","","0","","","132","2","6","6","10","","24","F2_B6_B6_B10","","","","","","","","","","","","","","","","","",""
"","","112","STOREXW","STORE_LOAD","r_dst_addr","imm_off","r_src","","Mem[(Reg[Rd] & 0x3FFFF) + Off] = Reg[Rv]
IF I THEN increment low 18 bits of Reg[Rd] by upper 14 bits
(32 bit store)","STOREXW_IO","1","Reg","6","U10","10","Reg","6","","0","","","132","2","6","6","10","","24","F2_B6_B6_B10","","","","","","","","","","","","","","","","","",""
"Stack/Function Calls","","113","PUSH","","r1","r2","r3","r4","Stack[SP++] = Reg[R1]; repeat for R2-R4 unless 0x3F (ignored)","PUSH","1","Reg","6","Reg","6","Reg","6","Reg","6","","","1234","0","6","6","6","6","24","B6_B6_B6_B6","","","","","","","","","","","","","","","","","",""
"","","114","PUSH","","imm","","","","Stack[SP++] = Imm","PUSH_I","1","S24","24","","0","","0","","0","Abs","1","1234","0","24","0","0","0","24","B24","","","","","","","","","","","","","","","","","",""
"","","115","POP","","r4","r3","r2","r1","Reg[R1] = Stack[--SP]; repeat for R2-R4 unless 0x3F (ignored)","POP","1","Reg","6","Reg","6","Reg","6","Reg","6","","","1234","0","6","6","6","6","24","B6_B6_B6_B6","","","","","","","","","","","","","","","","","",""
"","","116","DSC","","imm","","","","SP -= Imm (Imm defaults to 1)","DSC","1","U24","24","","0","","0","","0","","","1234","0","24","0","0","0","24","B24","","","","","","","","","","","","","","","","","",""
"","","117","SWP","","","","","","Swap TOS and TOS^1","SWP","1","","0","","0","","0","","0","","","1234","0","0","0","0","0","0","NONE","","","","","","","","","","","","","","","","","",""
"","","118","DUP","","","","","","Stack[SP] = Stack[SP-1]; SP++","DUP","1","","0","","0","","0","","0","","","1234","0","0","0","0","0","0","NONE","","","","","","","","","","","","","","","","","",""
"","","119","RSV","","imm","","","","SP = BP + Imm","RSV","1","U24","24","","0","","0","","0","","","1234","0","24","0","0","0","24","B24","","","","","","","","","","","","","","","","","",""
"","","120","NARGS","","r_dst","","","","Reg[Rd] = NARGS","NARGS","1","Reg","6","","0","","0","","0","","","1234","0","6","0","0","0","6","B6","","","","","","","","","","","","","","","","","",""
"","","121","BCALL","","","","","","Reserved for future use (built-in functions)","BCALL","1","","0","","0","","0","","0","","","1234","0","0","0","0","0","0","NONE","","","","","","","","","","","","","","","","","",""
"","","122","CALL","NULL2","r_ret","r_fn","n_args","","Call function address in Rfn, return value stored in Rr","CALL","1","Reg","6","Reg","6","U6","6","","0","","","1234","2","6","6","6","0","20","F2_B6_B6_B6","","","","","","","","","","","","","","","","","",""
"","","123","CALL","","r_ret","imm_rel","n_args","","Call function address relative to PC, return value stored in Rr","CALL_REL","1","Reg","6","CT","12","U6","6","","0","Call","2","132","0","6","6","12","","24","B6_B6_B12","","","","","","","","","","","","","","","","","",""
"","","124","CALL","","r_ret","imm_abs","n_args","","Call function with absolute address, return value stored in Rr","CALL_ABS","1","Reg","6","U12","12","U6","6","","0","Call","2","132","0","6","6","12","","24","B6_B6_B12","","","","","","","","","","","","","","","","","",""
"","","125","CALL","","r_ret","imm_ind","n_args","","Call function indirectly through jump table entry Idx, return value stored in Rr","CALL_IND","1","Reg","6","U12","12","U6","6","","0","Call","2","132","0","6","6","12","","24","B6_B6_B12","","","","","","","","","","","","","","","","","",""
"","","126","RET","","imm","","","","Return immediate value","RET_I","1","S24","24","","0","","0","","0","Abs","1","1234","0","24","0","0","0","24","B24","","","","","","","","","","","","","","","","","",""
"","","127","RET","","r_ret","","","","Return Reg[Rr]","RET","1","Reg","6","","0","","0","","0","","","1234","0","6","0","0","0","6","B6","","","","","","","","","","","","","","","","","",""
"END","","","","","","","","","","","","","","","","","","","","","","","","","","","","","","","","","","","","","","","","","","","","","","",""
"Future...","","","RAND","","Rd","Rs","Rmin","Rmax","","","","","","","","","","","","","","","","","","","","","","","","","","","","","","","","","","","","","","",""
"","","","RAND","","Rd","Rs","Max","","","","","","","","","","","","","","","","","","","","","","","","","","","","","","","","","","","","","","","",""
"","","","BLIT2","","Rdst","Rsrc","Rsprite","Rflags","Rdst - packed address + stride
Rsrc - packed address + stride
Rsprite - width + height
Rflags - colour key, h/v flip","","","","","","","","","","","","","","","","","","","","","","","","","","","","","","","","","","","","","",""
"","","","BLIT4","","Rdst","Rsrc","Rsprite","Rflags","Rdst - packed address + stride
Rsrc - packed address + stride
Rsprite - width + height
Rflags - colour key, h/v flip","","","","","","","","","","","","","","","","","","","","","","","","","","","","","","","","","","","","","",""
"","","","BLIT8","","Rdst","Rsrc","Rsprite","Rflags","Rdst - packed address + stride
Rsrc - packed address + stride
Rsprite - width + height
Rflags - colour key, h/v flip","","","","","","","","","","","","","","","","","","","","","","","","","","","","","","","","","","","","","",""
"","","","MEMSET","","","","","","","","","","","","","","","","","","","","","","","","","","","","","","","","","","","","","","","","","","","",""
"","","","MEMCPY","","","","","","","","","","","","","","","","","","","","","","","","","","","","","","","","","","","","","","","","","","","",""
"","","","CLAMP","","","","","","","","","","","","","","","","","","","","","","","","","","","","","","","","","","","","","","","","","","","",""
"","","","LERP","","","","","","","","","","","","","","","","","","","","","","","","","","","","","","","","","","","","","","","","","","","",""
"","","","NOISE","","","","","","","","","","","","","","","","","","","","","","","","","","","","","","","","","","","","","","","","","","","",""
"","","","CSAVE","","","","","","","","","","","","","","","","","","","","","","","","","","","","","","","","","","","","","","","","","","","",""
"","","","CREST","","","","","","","","","","","","","","","","","","","","","","","","","","","","","","","","","","","","","","","","","","","",""
"","","","PACK","","Rdst","Rsrc","shift","width","","","","","","","","","","","","","","","","","","","","","","","","","","","","","","","","","","","","","","",""
"","","","UNPACK","","","","","","","","","","","","","","","","","","","","","","","","","","","","","","","","","","","","","","","","","","","",""
"","","","SWZ","","","","","","","","","","","","","","","","","","","","","","","","","","","","","","","","","","","","","","","","","","","",""
"","","","LROT","","","","","","","","","","","","","","","","","","","","","","","","","","","","","","","","","","","","","","","","","","","",""
"","","","RROT","","","","","","","","","","","","","","","","","","","","","","","","","","","","","","","","","","","","","","","","","","","",""